"","submission_name","submission_date","template_name","response_component","curation_date","cohort","age_min","age_max","age_units","number_subjects","tissue_type","tissue_type_term_id","response_component_original","is_model","response_behavior_type","response_behavior","comparison","baseline_time_event","time_point","time_point_units","exposure_material_id","additional_exposure_material","target_pathogen","vaccine_year","adjuvant","route","scheduling","publication_reference_id","publication_reference_url","publication_date","signature_source","signature_source_url","comments","response_comp_orig_cnt","response_comp_cnt","subm_obs_id","uniq_obs_id","row_key","signature_file","signature_file_complete"
"subject","","","","gene","","","","","","","cell_subset","","","","","","","","","","vaccine","","pathogen","","","","","","","","","","","","","","","","",""
"evidence","label","label","label","","label","label","label","label","label","label","","label","label","label","label","label","label","label","label","label","","label","","label","label","label","label","label","url","label","label","label","label","label","label","label","label","label","file","file"
"role","background","background","background","gene_biomarker","background","observed","observed","observed","observed","observed","tissue","background","observed","background","background","measured","background","background","observed","observed","vaccine","background","pathogen","background","background","background","background","background","reference","background","background","background","background","observed","observed","background","background","background","observed","observed"
"mime_type","","","","","","","","","","","","","","","","","","","","","","","","","","","","","","","","","","","","","","","",""
"numeric_units","","","","","","","","","","","","","","","","","","","","","","","","","","","","","","","","","","","","","","","",""
"display_text","submission name","submission_date","template_name","response component","curation date (YYYY-MM-DD)Â ","Cohort - any characteristics of the population(s) studied, plus whether the result was taken from a subgroup of the broader cohort tested.","age of youngest subject including both cases and controls","age of oldest subject including both cases and controls","age units","number of subjects - count of case plus control subjects used in the measurement.","tissue type","Cell Ontology ID of tissue","response component (original gene symbol)","signature was derived from a computational model","response behavior type","response behavior (direction, correlation type etc.)","comparison (affected vs control, correlated variable, time vs baseline event etc.)","baseline time event","time point relative to baseline event at which response was measured","time point units","exposure material","additional exposure material","target pathogen","vaccine year (influenza only)","adjuvant","route","scheduling","publication reference (PMID)","Querec et al. (2009) Systems biology approach predicts immunogenicity of the yellow fever vaccine in humans. Nat Immunol. PMID: <a href = 'https://www.ncbi.nlm.nih.gov/pubmed/?term=19029902' target='_blank'>19029902</a>","print publication date or posted date (YYYY-MM-DD or YYYY)","signature source figure, table or text section","signature source url","comments and additional details","response component (original) count","response component count","ID of observation within a publication (PMID) and for its submission type ","ID of observation within its submission type","row key","response component (genes) file"," response components including non-HGNC genes"
"","hipc_gene_19029902_2","2008.11.26","hipc_gene_19029902_2","IRF7","","","18","45","years","15","peripheral blood mononuclear cell","CL:2000001","IRF7","N","gene expression","up","7d vs 0d","time of vaccination","7","days","VO:0003134","","yellow fever virus 17D","","","","","19029902","https://www.ncbi.nlm.nih.gov/pmc/articles/PMC4049462/","2009","Fig1 & Suppl Fig 3","<a href = 'https://www.ncbi.nlm.nih.gov/pmc/articles/PMC4049462/figure/F1/' target='_blank'>figure/F1</a>; <a href = 'https://www.ncbi.nlm.nih.gov/pmc/articles/PMC4049462/bin/NIHMS593578-supplement-01.pdf' target='_blank'>supplement-01.pdf</a>","","48","47","2","359","19029902_2_359","hipc_gene_sig_19029902_2.txt","hipc_gene_sig_complete_19029902_2.txt"
"","hipc_gene_19029902_2","2008.11.26","hipc_gene_19029902_2","STAT1","","","18","45","years","15","peripheral blood mononuclear cell","CL:2000001","STAT1","N","gene expression","up","7d vs 0d","time of vaccination","7","days","VO:0003134","","yellow fever virus 17D","","","","","19029902","https://www.ncbi.nlm.nih.gov/pmc/articles/PMC4049462/","2009","Fig1 & Suppl Fig 3","<a href = 'https://www.ncbi.nlm.nih.gov/pmc/articles/PMC4049462/figure/F1/' target='_blank'>figure/F1</a>; <a href = 'https://www.ncbi.nlm.nih.gov/pmc/articles/PMC4049462/bin/NIHMS593578-supplement-01.pdf' target='_blank'>supplement-01.pdf</a>","","48","47","2","359","19029902_2_359","hipc_gene_sig_19029902_2.txt","hipc_gene_sig_complete_19029902_2.txt"
"","hipc_gene_19029902_2","2008.11.26","hipc_gene_19029902_2","CD38","","","18","45","years","15","peripheral blood mononuclear cell","CL:2000001","CD38","N","gene expression","up","7d vs 0d","time of vaccination","7","days","VO:0003134","","yellow fever virus 17D","","","","","19029902","https://www.ncbi.nlm.nih.gov/pmc/articles/PMC4049462/","2009","Fig1 & Suppl Fig 3","<a href = 'https://www.ncbi.nlm.nih.gov/pmc/articles/PMC4049462/figure/F1/' target='_blank'>figure/F1</a>; <a href = 'https://www.ncbi.nlm.nih.gov/pmc/articles/PMC4049462/bin/NIHMS593578-supplement-01.pdf' target='_blank'>supplement-01.pdf</a>","","48","47","2","359","19029902_2_359","hipc_gene_sig_19029902_2.txt","hipc_gene_sig_complete_19029902_2.txt"
"","hipc_gene_19029902_2","2008.11.26","hipc_gene_19029902_2","C3AR1","","","18","45","years","15","peripheral blood mononuclear cell","CL:2000001","C3AR1","N","gene expression","up","7d vs 0d","time of vaccination","7","days","VO:0003134","","yellow fever virus 17D","","","","","19029902","https://www.ncbi.nlm.nih.gov/pmc/articles/PMC4049462/","2009","Fig1 & Suppl Fig 3","<a href = 'https://www.ncbi.nlm.nih.gov/pmc/articles/PMC4049462/figure/F1/' target='_blank'>figure/F1</a>; <a href = 'https://www.ncbi.nlm.nih.gov/pmc/articles/PMC4049462/bin/NIHMS593578-supplement-01.pdf' target='_blank'>supplement-01.pdf</a>","","48","47","2","359","19029902_2_359","hipc_gene_sig_19029902_2.txt","hipc_gene_sig_complete_19029902_2.txt"
"","hipc_gene_19029902_2","2008.11.26","hipc_gene_19029902_2","NEXN","","","18","45","years","15","peripheral blood mononuclear cell","CL:2000001","NEXN","N","gene expression","up","7d vs 0d","time of vaccination","7","days","VO:0003134","","yellow fever virus 17D","","","","","19029902","https://www.ncbi.nlm.nih.gov/pmc/articles/PMC4049462/","2009","Fig1 & Suppl Fig 3","<a href = 'https://www.ncbi.nlm.nih.gov/pmc/articles/PMC4049462/figure/F1/' target='_blank'>figure/F1</a>; <a href = 'https://www.ncbi.nlm.nih.gov/pmc/articles/PMC4049462/bin/NIHMS593578-supplement-01.pdf' target='_blank'>supplement-01.pdf</a>","","48","47","2","359","19029902_2_359","hipc_gene_sig_19029902_2.txt","hipc_gene_sig_complete_19029902_2.txt"
"","hipc_gene_19029902_2","2008.11.26","hipc_gene_19029902_2","SERPING1","","","18","45","years","15","peripheral blood mononuclear cell","CL:2000001","SERPING1","N","gene expression","up","7d vs 0d","time of vaccination","7","days","VO:0003134","","yellow fever virus 17D","","","","","19029902","https://www.ncbi.nlm.nih.gov/pmc/articles/PMC4049462/","2009","Fig1 & Suppl Fig 3","<a href = 'https://www.ncbi.nlm.nih.gov/pmc/articles/PMC4049462/figure/F1/' target='_blank'>figure/F1</a>; <a href = 'https://www.ncbi.nlm.nih.gov/pmc/articles/PMC4049462/bin/NIHMS593578-supplement-01.pdf' target='_blank'>supplement-01.pdf</a>","","48","47","2","359","19029902_2_359","hipc_gene_sig_19029902_2.txt","hipc_gene_sig_complete_19029902_2.txt"
"","hipc_gene_19029902_2","2008.11.26","hipc_gene_19029902_2","IFI27","","","18","45","years","15","peripheral blood mononuclear cell","CL:2000001","IFI27","N","gene expression","up","7d vs 0d","time of vaccination","7","days","VO:0003134","","yellow fever virus 17D","","","","","19029902","https://www.ncbi.nlm.nih.gov/pmc/articles/PMC4049462/","2009","Fig1 & Suppl Fig 3","<a href = 'https://www.ncbi.nlm.nih.gov/pmc/articles/PMC4049462/figure/F1/' target='_blank'>figure/F1</a>; <a href = 'https://www.ncbi.nlm.nih.gov/pmc/articles/PMC4049462/bin/NIHMS593578-supplement-01.pdf' target='_blank'>supplement-01.pdf</a>","","48","47","2","359","19029902_2_359","hipc_gene_sig_19029902_2.txt","hipc_gene_sig_complete_19029902_2.txt"
"","hipc_gene_19029902_2","2008.11.26","hipc_gene_19029902_2","IFI6","","","18","45","years","15","peripheral blood mononuclear cell","CL:2000001","IFI6","N","gene expression","up","7d vs 0d","time of vaccination","7","days","VO:0003134","","yellow fever virus 17D","","","","","19029902","https://www.ncbi.nlm.nih.gov/pmc/articles/PMC4049462/","2009","Fig1 & Suppl Fig 3","<a href = 'https://www.ncbi.nlm.nih.gov/pmc/articles/PMC4049462/figure/F1/' target='_blank'>figure/F1</a>; <a href = 'https://www.ncbi.nlm.nih.gov/pmc/articles/PMC4049462/bin/NIHMS593578-supplement-01.pdf' target='_blank'>supplement-01.pdf</a>","","48","47","2","359","19029902_2_359","hipc_gene_sig_19029902_2.txt","hipc_gene_sig_complete_19029902_2.txt"
"","hipc_gene_19029902_2","2008.11.26","hipc_gene_19029902_2","EIF2AK2","","","18","45","years","15","peripheral blood mononuclear cell","CL:2000001","EIF2AK2","N","gene expression","up","7d vs 0d","time of vaccination","7","days","VO:0003134","","yellow fever virus 17D","","","","","19029902","https://www.ncbi.nlm.nih.gov/pmc/articles/PMC4049462/","2009","Fig1 & Suppl Fig 3","<a href = 'https://www.ncbi.nlm.nih.gov/pmc/articles/PMC4049462/figure/F1/' target='_blank'>figure/F1</a>; <a href = 'https://www.ncbi.nlm.nih.gov/pmc/articles/PMC4049462/bin/NIHMS593578-supplement-01.pdf' target='_blank'>supplement-01.pdf</a>","","48","47","2","359","19029902_2_359","hipc_gene_sig_19029902_2.txt","hipc_gene_sig_complete_19029902_2.txt"
"","hipc_gene_19029902_2","2008.11.26","hipc_gene_19029902_2","MX1","","","18","45","years","15","peripheral blood mononuclear cell","CL:2000001","MX1","N","gene expression","up","7d vs 0d","time of vaccination","7","days","VO:0003134","","yellow fever virus 17D","","","","","19029902","https://www.ncbi.nlm.nih.gov/pmc/articles/PMC4049462/","2009","Fig1 & Suppl Fig 3","<a href = 'https://www.ncbi.nlm.nih.gov/pmc/articles/PMC4049462/figure/F1/' target='_blank'>figure/F1</a>; <a href = 'https://www.ncbi.nlm.nih.gov/pmc/articles/PMC4049462/bin/NIHMS593578-supplement-01.pdf' target='_blank'>supplement-01.pdf</a>","","48","47","2","359","19029902_2_359","hipc_gene_sig_19029902_2.txt","hipc_gene_sig_complete_19029902_2.txt"
"","hipc_gene_19029902_2","2008.11.26","hipc_gene_19029902_2","TLR7","","","18","45","years","15","peripheral blood mononuclear cell","CL:2000001","TLR7","N","gene expression","up","7d vs 0d","time of vaccination","7","days","VO:0003134","","yellow fever virus 17D","","","","","19029902","https://www.ncbi.nlm.nih.gov/pmc/articles/PMC4049462/","2009","Fig1 & Suppl Fig 3","<a href = 'https://www.ncbi.nlm.nih.gov/pmc/articles/PMC4049462/figure/F1/' target='_blank'>figure/F1</a>; <a href = 'https://www.ncbi.nlm.nih.gov/pmc/articles/PMC4049462/bin/NIHMS593578-supplement-01.pdf' target='_blank'>supplement-01.pdf</a>","","48","47","2","359","19029902_2_359","hipc_gene_sig_19029902_2.txt","hipc_gene_sig_complete_19029902_2.txt"
"","hipc_gene_19029902_2","2008.11.26","hipc_gene_19029902_2","TRIM22","","","18","45","years","15","peripheral blood mononuclear cell","CL:2000001","TRIM22","N","gene expression","up","7d vs 0d","time of vaccination","7","days","VO:0003134","","yellow fever virus 17D","","","","","19029902","https://www.ncbi.nlm.nih.gov/pmc/articles/PMC4049462/","2009","Fig1 & Suppl Fig 3","<a href = 'https://www.ncbi.nlm.nih.gov/pmc/articles/PMC4049462/figure/F1/' target='_blank'>figure/F1</a>; <a href = 'https://www.ncbi.nlm.nih.gov/pmc/articles/PMC4049462/bin/NIHMS593578-supplement-01.pdf' target='_blank'>supplement-01.pdf</a>","","48","47","2","359","19029902_2_359","hipc_gene_sig_19029902_2.txt","hipc_gene_sig_complete_19029902_2.txt"
"","hipc_gene_19029902_2","2008.11.26","hipc_gene_19029902_2","TMEM255A","","","18","45","years","15","peripheral blood mononuclear cell","CL:2000001","TMEM255A","N","gene expression","up","7d vs 0d","time of vaccination","7","days","VO:0003134","","yellow fever virus 17D","","","","","19029902","https://www.ncbi.nlm.nih.gov/pmc/articles/PMC4049462/","2009","Fig1 & Suppl Fig 3","<a href = 'https://www.ncbi.nlm.nih.gov/pmc/articles/PMC4049462/figure/F1/' target='_blank'>figure/F1</a>; <a href = 'https://www.ncbi.nlm.nih.gov/pmc/articles/PMC4049462/bin/NIHMS593578-supplement-01.pdf' target='_blank'>supplement-01.pdf</a>","","48","47","2","359","19029902_2_359","hipc_gene_sig_19029902_2.txt","hipc_gene_sig_complete_19029902_2.txt"
"","hipc_gene_19029902_2","2008.11.26","hipc_gene_19029902_2","PARP12","","","18","45","years","15","peripheral blood mononuclear cell","CL:2000001","PARP12","N","gene expression","up","7d vs 0d","time of vaccination","7","days","VO:0003134","","yellow fever virus 17D","","","","","19029902","https://www.ncbi.nlm.nih.gov/pmc/articles/PMC4049462/","2009","Fig1 & Suppl Fig 3","<a href = 'https://www.ncbi.nlm.nih.gov/pmc/articles/PMC4049462/figure/F1/' target='_blank'>figure/F1</a>; <a href = 'https://www.ncbi.nlm.nih.gov/pmc/articles/PMC4049462/bin/NIHMS593578-supplement-01.pdf' target='_blank'>supplement-01.pdf</a>","","48","47","2","359","19029902_2_359","hipc_gene_sig_19029902_2.txt","hipc_gene_sig_complete_19029902_2.txt"
"","hipc_gene_19029902_2","2008.11.26","hipc_gene_19029902_2","LGALS3BP","","","18","45","years","15","peripheral blood mononuclear cell","CL:2000001","LGALS3BP","N","gene expression","up","7d vs 0d","time of vaccination","7","days","VO:0003134","","yellow fever virus 17D","","","","","19029902","https://www.ncbi.nlm.nih.gov/pmc/articles/PMC4049462/","2009","Fig1 & Suppl Fig 3","<a href = 'https://www.ncbi.nlm.nih.gov/pmc/articles/PMC4049462/figure/F1/' target='_blank'>figure/F1</a>; <a href = 'https://www.ncbi.nlm.nih.gov/pmc/articles/PMC4049462/bin/NIHMS593578-supplement-01.pdf' target='_blank'>supplement-01.pdf</a>","","48","47","2","359","19029902_2_359","hipc_gene_sig_19029902_2.txt","hipc_gene_sig_complete_19029902_2.txt"
"","hipc_gene_19029902_2","2008.11.26","hipc_gene_19029902_2","DDX60L","","","18","45","years","15","peripheral blood mononuclear cell","CL:2000001","DDX60L","N","gene expression","up","7d vs 0d","time of vaccination","7","days","VO:0003134","","yellow fever virus 17D","","","","","19029902","https://www.ncbi.nlm.nih.gov/pmc/articles/PMC4049462/","2009","Fig1 & Suppl Fig 3","<a href = 'https://www.ncbi.nlm.nih.gov/pmc/articles/PMC4049462/figure/F1/' target='_blank'>figure/F1</a>; <a href = 'https://www.ncbi.nlm.nih.gov/pmc/articles/PMC4049462/bin/NIHMS593578-supplement-01.pdf' target='_blank'>supplement-01.pdf</a>","","48","47","2","359","19029902_2_359","hipc_gene_sig_19029902_2.txt","hipc_gene_sig_complete_19029902_2.txt"
"","hipc_gene_19029902_2","2008.11.26","hipc_gene_19029902_2","RASA2","","","18","45","years","15","peripheral blood mononuclear cell","CL:2000001","RASA2","N","gene expression","up","7d vs 0d","time of vaccination","7","days","VO:0003134","","yellow fever virus 17D","","","","","19029902","https://www.ncbi.nlm.nih.gov/pmc/articles/PMC4049462/","2009","Fig1 & Suppl Fig 3","<a href = 'https://www.ncbi.nlm.nih.gov/pmc/articles/PMC4049462/figure/F1/' target='_blank'>figure/F1</a>; <a href = 'https://www.ncbi.nlm.nih.gov/pmc/articles/PMC4049462/bin/NIHMS593578-supplement-01.pdf' target='_blank'>supplement-01.pdf</a>","","48","47","2","359","19029902_2_359","hipc_gene_sig_19029902_2.txt","hipc_gene_sig_complete_19029902_2.txt"
"","hipc_gene_19029902_2","2008.11.26","hipc_gene_19029902_2","CXCL10","","","18","45","years","15","peripheral blood mononuclear cell","CL:2000001","CXCL10","N","gene expression","up","7d vs 0d","time of vaccination","7","days","VO:0003134","","yellow fever virus 17D","","","","","19029902","https://www.ncbi.nlm.nih.gov/pmc/articles/PMC4049462/","2009","Fig1 & Suppl Fig 3","<a href = 'https://www.ncbi.nlm.nih.gov/pmc/articles/PMC4049462/figure/F1/' target='_blank'>figure/F1</a>; <a href = 'https://www.ncbi.nlm.nih.gov/pmc/articles/PMC4049462/bin/NIHMS593578-supplement-01.pdf' target='_blank'>supplement-01.pdf</a>","","48","47","2","359","19029902_2_359","hipc_gene_sig_19029902_2.txt","hipc_gene_sig_complete_19029902_2.txt"
"","hipc_gene_19029902_2","2008.11.26","hipc_gene_19029902_2","IL10","","","18","45","years","15","peripheral blood mononuclear cell","CL:2000001","IL10","N","gene expression","up","7d vs 0d","time of vaccination","7","days","VO:0003134","","yellow fever virus 17D","","","","","19029902","https://www.ncbi.nlm.nih.gov/pmc/articles/PMC4049462/","2009","Fig1 & Suppl Fig 3","<a href = 'https://www.ncbi.nlm.nih.gov/pmc/articles/PMC4049462/figure/F1/' target='_blank'>figure/F1</a>; <a href = 'https://www.ncbi.nlm.nih.gov/pmc/articles/PMC4049462/bin/NIHMS593578-supplement-01.pdf' target='_blank'>supplement-01.pdf</a>","","48","47","2","359","19029902_2_359","hipc_gene_sig_19029902_2.txt","hipc_gene_sig_complete_19029902_2.txt"
"","hipc_gene_19029902_2","2008.11.26","hipc_gene_19029902_2","ISG15","","","18","45","years","15","peripheral blood mononuclear cell","CL:2000001","ISG15","N","gene expression","up","7d vs 0d","time of vaccination","7","days","VO:0003134","","yellow fever virus 17D","","","","","19029902","https://www.ncbi.nlm.nih.gov/pmc/articles/PMC4049462/","2009","Fig1 & Suppl Fig 3","<a href = 'https://www.ncbi.nlm.nih.gov/pmc/articles/PMC4049462/figure/F1/' target='_blank'>figure/F1</a>; <a href = 'https://www.ncbi.nlm.nih.gov/pmc/articles/PMC4049462/bin/NIHMS593578-supplement-01.pdf' target='_blank'>supplement-01.pdf</a>","","48","47","2","359","19029902_2_359","hipc_gene_sig_19029902_2.txt","hipc_gene_sig_complete_19029902_2.txt"
"","hipc_gene_19029902_2","2008.11.26","hipc_gene_19029902_2","DDX58","","","18","45","years","15","peripheral blood mononuclear cell","CL:2000001","DDX58","N","gene expression","up","7d vs 0d","time of vaccination","7","days","VO:0003134","","yellow fever virus 17D","","","","","19029902","https://www.ncbi.nlm.nih.gov/pmc/articles/PMC4049462/","2009","Fig1 & Suppl Fig 3","<a href = 'https://www.ncbi.nlm.nih.gov/pmc/articles/PMC4049462/figure/F1/' target='_blank'>figure/F1</a>; <a href = 'https://www.ncbi.nlm.nih.gov/pmc/articles/PMC4049462/bin/NIHMS593578-supplement-01.pdf' target='_blank'>supplement-01.pdf</a>","","48","47","2","359","19029902_2_359","hipc_gene_sig_19029902_2.txt","hipc_gene_sig_complete_19029902_2.txt"
"","hipc_gene_19029902_2","2008.11.26","hipc_gene_19029902_2","IFIT1","","","18","45","years","15","peripheral blood mononuclear cell","CL:2000001","IFIT1","N","gene expression","up","7d vs 0d","time of vaccination","7","days","VO:0003134","","yellow fever virus 17D","","","","","19029902","https://www.ncbi.nlm.nih.gov/pmc/articles/PMC4049462/","2009","Fig1 & Suppl Fig 3","<a href = 'https://www.ncbi.nlm.nih.gov/pmc/articles/PMC4049462/figure/F1/' target='_blank'>figure/F1</a>; <a href = 'https://www.ncbi.nlm.nih.gov/pmc/articles/PMC4049462/bin/NIHMS593578-supplement-01.pdf' target='_blank'>supplement-01.pdf</a>","","48","47","2","359","19029902_2_359","hipc_gene_sig_19029902_2.txt","hipc_gene_sig_complete_19029902_2.txt"
"","hipc_gene_19029902_2","2008.11.26","hipc_gene_19029902_2","IFIT3","","","18","45","years","15","peripheral blood mononuclear cell","CL:2000001","IFIT3","N","gene expression","up","7d vs 0d","time of vaccination","7","days","VO:0003134","","yellow fever virus 17D","","","","","19029902","https://www.ncbi.nlm.nih.gov/pmc/articles/PMC4049462/","2009","Fig1 & Suppl Fig 3","<a href = 'https://www.ncbi.nlm.nih.gov/pmc/articles/PMC4049462/figure/F1/' target='_blank'>figure/F1</a>; <a href = 'https://www.ncbi.nlm.nih.gov/pmc/articles/PMC4049462/bin/NIHMS593578-supplement-01.pdf' target='_blank'>supplement-01.pdf</a>","","48","47","2","359","19029902_2_359","hipc_gene_sig_19029902_2.txt","hipc_gene_sig_complete_19029902_2.txt"
"","hipc_gene_19029902_2","2008.11.26","hipc_gene_19029902_2","DHX58","","","18","45","years","15","peripheral blood mononuclear cell","CL:2000001","LGP2","N","gene expression","up","7d vs 0d","time of vaccination","7","days","VO:0003134","","yellow fever virus 17D","","","","","19029902","https://www.ncbi.nlm.nih.gov/pmc/articles/PMC4049462/","2009","Fig1 & Suppl Fig 3","<a href = 'https://www.ncbi.nlm.nih.gov/pmc/articles/PMC4049462/figure/F1/' target='_blank'>figure/F1</a>; <a href = 'https://www.ncbi.nlm.nih.gov/pmc/articles/PMC4049462/bin/NIHMS593578-supplement-01.pdf' target='_blank'>supplement-01.pdf</a>","","48","47","2","359","19029902_2_359","hipc_gene_sig_19029902_2.txt","hipc_gene_sig_complete_19029902_2.txt"
"","hipc_gene_19029902_2","2008.11.26","hipc_gene_19029902_2","IFIT2","","","18","45","years","15","peripheral blood mononuclear cell","CL:2000001","IFIT2","N","gene expression","up","7d vs 0d","time of vaccination","7","days","VO:0003134","","yellow fever virus 17D","","","","","19029902","https://www.ncbi.nlm.nih.gov/pmc/articles/PMC4049462/","2009","Fig1 & Suppl Fig 3","<a href = 'https://www.ncbi.nlm.nih.gov/pmc/articles/PMC4049462/figure/F1/' target='_blank'>figure/F1</a>; <a href = 'https://www.ncbi.nlm.nih.gov/pmc/articles/PMC4049462/bin/NIHMS593578-supplement-01.pdf' target='_blank'>supplement-01.pdf</a>","","48","47","2","359","19029902_2_359","hipc_gene_sig_19029902_2.txt","hipc_gene_sig_complete_19029902_2.txt"
"","hipc_gene_19029902_2","2008.11.26","hipc_gene_19029902_2","PLSCR1","","","18","45","years","15","peripheral blood mononuclear cell","CL:2000001","PLSCR1","N","gene expression","up","7d vs 0d","time of vaccination","7","days","VO:0003134","","yellow fever virus 17D","","","","","19029902","https://www.ncbi.nlm.nih.gov/pmc/articles/PMC4049462/","2009","Fig1 & Suppl Fig 3","<a href = 'https://www.ncbi.nlm.nih.gov/pmc/articles/PMC4049462/figure/F1/' target='_blank'>figure/F1</a>; <a href = 'https://www.ncbi.nlm.nih.gov/pmc/articles/PMC4049462/bin/NIHMS593578-supplement-01.pdf' target='_blank'>supplement-01.pdf</a>","","48","47","2","359","19029902_2_359","hipc_gene_sig_19029902_2.txt","hipc_gene_sig_complete_19029902_2.txt"
"","hipc_gene_19029902_2","2008.11.26","hipc_gene_19029902_2","HERC5","","","18","45","years","15","peripheral blood mononuclear cell","CL:2000001","HERC5","N","gene expression","up","7d vs 0d","time of vaccination","7","days","VO:0003134","","yellow fever virus 17D","","","","","19029902","https://www.ncbi.nlm.nih.gov/pmc/articles/PMC4049462/","2009","Fig1 & Suppl Fig 3","<a href = 'https://www.ncbi.nlm.nih.gov/pmc/articles/PMC4049462/figure/F1/' target='_blank'>figure/F1</a>; <a href = 'https://www.ncbi.nlm.nih.gov/pmc/articles/PMC4049462/bin/NIHMS593578-supplement-01.pdf' target='_blank'>supplement-01.pdf</a>","","48","47","2","359","19029902_2_359","hipc_gene_sig_19029902_2.txt","hipc_gene_sig_complete_19029902_2.txt"
"","hipc_gene_19029902_2","2008.11.26","hipc_gene_19029902_2","SAMD9L","","","18","45","years","15","peripheral blood mononuclear cell","CL:2000001","SAMD9L","N","gene expression","up","7d vs 0d","time of vaccination","7","days","VO:0003134","","yellow fever virus 17D","","","","","19029902","https://www.ncbi.nlm.nih.gov/pmc/articles/PMC4049462/","2009","Fig1 & Suppl Fig 3","<a href = 'https://www.ncbi.nlm.nih.gov/pmc/articles/PMC4049462/figure/F1/' target='_blank'>figure/F1</a>; <a href = 'https://www.ncbi.nlm.nih.gov/pmc/articles/PMC4049462/bin/NIHMS593578-supplement-01.pdf' target='_blank'>supplement-01.pdf</a>","","48","47","2","359","19029902_2_359","hipc_gene_sig_19029902_2.txt","hipc_gene_sig_complete_19029902_2.txt"
"","hipc_gene_19029902_2","2008.11.26","hipc_gene_19029902_2","MX2","","","18","45","years","15","peripheral blood mononuclear cell","CL:2000001","MX2","N","gene expression","up","7d vs 0d","time of vaccination","7","days","VO:0003134","","yellow fever virus 17D","","","","","19029902","https://www.ncbi.nlm.nih.gov/pmc/articles/PMC4049462/","2009","Fig1 & Suppl Fig 3","<a href = 'https://www.ncbi.nlm.nih.gov/pmc/articles/PMC4049462/figure/F1/' target='_blank'>figure/F1</a>; <a href = 'https://www.ncbi.nlm.nih.gov/pmc/articles/PMC4049462/bin/NIHMS593578-supplement-01.pdf' target='_blank'>supplement-01.pdf</a>","","48","47","2","359","19029902_2_359","hipc_gene_sig_19029902_2.txt","hipc_gene_sig_complete_19029902_2.txt"
"","hipc_gene_19029902_2","2008.11.26","hipc_gene_19029902_2","RSAD2","","","18","45","years","15","peripheral blood mononuclear cell","CL:2000001","RSAD2","N","gene expression","up","7d vs 0d","time of vaccination","7","days","VO:0003134","","yellow fever virus 17D","","","","","19029902","https://www.ncbi.nlm.nih.gov/pmc/articles/PMC4049462/","2009","Fig1 & Suppl Fig 3","<a href = 'https://www.ncbi.nlm.nih.gov/pmc/articles/PMC4049462/figure/F1/' target='_blank'>figure/F1</a>; <a href = 'https://www.ncbi.nlm.nih.gov/pmc/articles/PMC4049462/bin/NIHMS593578-supplement-01.pdf' target='_blank'>supplement-01.pdf</a>","","48","47","2","359","19029902_2_359","hipc_gene_sig_19029902_2.txt","hipc_gene_sig_complete_19029902_2.txt"
"","hipc_gene_19029902_2","2008.11.26","hipc_gene_19029902_2","OASL","","","18","45","years","15","peripheral blood mononuclear cell","CL:2000001","OASL","N","gene expression","up","7d vs 0d","time of vaccination","7","days","VO:0003134","","yellow fever virus 17D","","","","","19029902","https://www.ncbi.nlm.nih.gov/pmc/articles/PMC4049462/","2009","Fig1 & Suppl Fig 3","<a href = 'https://www.ncbi.nlm.nih.gov/pmc/articles/PMC4049462/figure/F1/' target='_blank'>figure/F1</a>; <a href = 'https://www.ncbi.nlm.nih.gov/pmc/articles/PMC4049462/bin/NIHMS593578-supplement-01.pdf' target='_blank'>supplement-01.pdf</a>","","48","47","2","359","19029902_2_359","hipc_gene_sig_19029902_2.txt","hipc_gene_sig_complete_19029902_2.txt"
"","hipc_gene_19029902_2","2008.11.26","hipc_gene_19029902_2","OAS3","","","18","45","years","15","peripheral blood mononuclear cell","CL:2000001","OAS3","N","gene expression","up","7d vs 0d","time of vaccination","7","days","VO:0003134","","yellow fever virus 17D","","","","","19029902","https://www.ncbi.nlm.nih.gov/pmc/articles/PMC4049462/","2009","Fig1 & Suppl Fig 3","<a href = 'https://www.ncbi.nlm.nih.gov/pmc/articles/PMC4049462/figure/F1/' target='_blank'>figure/F1</a>; <a href = 'https://www.ncbi.nlm.nih.gov/pmc/articles/PMC4049462/bin/NIHMS593578-supplement-01.pdf' target='_blank'>supplement-01.pdf</a>","","48","47","2","359","19029902_2_359","hipc_gene_sig_19029902_2.txt","hipc_gene_sig_complete_19029902_2.txt"
"","hipc_gene_19029902_2","2008.11.26","hipc_gene_19029902_2","DDX60","","","18","45","years","15","peripheral blood mononuclear cell","CL:2000001","DDX60","N","gene expression","up","7d vs 0d","time of vaccination","7","days","VO:0003134","","yellow fever virus 17D","","","","","19029902","https://www.ncbi.nlm.nih.gov/pmc/articles/PMC4049462/","2009","Fig1 & Suppl Fig 3","<a href = 'https://www.ncbi.nlm.nih.gov/pmc/articles/PMC4049462/figure/F1/' target='_blank'>figure/F1</a>; <a href = 'https://www.ncbi.nlm.nih.gov/pmc/articles/PMC4049462/bin/NIHMS593578-supplement-01.pdf' target='_blank'>supplement-01.pdf</a>","","48","47","2","359","19029902_2_359","hipc_gene_sig_19029902_2.txt","hipc_gene_sig_complete_19029902_2.txt"
"","hipc_gene_19029902_2","2008.11.26","hipc_gene_19029902_2","TRIM5","","","18","45","years","15","peripheral blood mononuclear cell","CL:2000001","TRIM5","N","gene expression","up","7d vs 0d","time of vaccination","7","days","VO:0003134","","yellow fever virus 17D","","","","","19029902","https://www.ncbi.nlm.nih.gov/pmc/articles/PMC4049462/","2009","Fig1 & Suppl Fig 3","<a href = 'https://www.ncbi.nlm.nih.gov/pmc/articles/PMC4049462/figure/F1/' target='_blank'>figure/F1</a>; <a href = 'https://www.ncbi.nlm.nih.gov/pmc/articles/PMC4049462/bin/NIHMS593578-supplement-01.pdf' target='_blank'>supplement-01.pdf</a>","","48","47","2","359","19029902_2_359","hipc_gene_sig_19029902_2.txt","hipc_gene_sig_complete_19029902_2.txt"
"","hipc_gene_19029902_2","2008.11.26","hipc_gene_19029902_2","XAF1","","","18","45","years","15","peripheral blood mononuclear cell","CL:2000001","XAF1","N","gene expression","up","7d vs 0d","time of vaccination","7","days","VO:0003134","","yellow fever virus 17D","","","","","19029902","https://www.ncbi.nlm.nih.gov/pmc/articles/PMC4049462/","2009","Fig1 & Suppl Fig 3","<a href = 'https://www.ncbi.nlm.nih.gov/pmc/articles/PMC4049462/figure/F1/' target='_blank'>figure/F1</a>; <a href = 'https://www.ncbi.nlm.nih.gov/pmc/articles/PMC4049462/bin/NIHMS593578-supplement-01.pdf' target='_blank'>supplement-01.pdf</a>","","48","47","2","359","19029902_2_359","hipc_gene_sig_19029902_2.txt","hipc_gene_sig_complete_19029902_2.txt"
"","hipc_gene_19029902_2","2008.11.26","hipc_gene_19029902_2","IFIH1","","","18","45","years","15","peripheral blood mononuclear cell","CL:2000001","IFIH1","N","gene expression","up","7d vs 0d","time of vaccination","7","days","VO:0003134","","yellow fever virus 17D","","","","","19029902","https://www.ncbi.nlm.nih.gov/pmc/articles/PMC4049462/","2009","Fig1 & Suppl Fig 3","<a href = 'https://www.ncbi.nlm.nih.gov/pmc/articles/PMC4049462/figure/F1/' target='_blank'>figure/F1</a>; <a href = 'https://www.ncbi.nlm.nih.gov/pmc/articles/PMC4049462/bin/NIHMS593578-supplement-01.pdf' target='_blank'>supplement-01.pdf</a>","","48","47","2","359","19029902_2_359","hipc_gene_sig_19029902_2.txt","hipc_gene_sig_complete_19029902_2.txt"
"","hipc_gene_19029902_2","2008.11.26","hipc_gene_19029902_2","IFIH1","","","18","45","years","15","peripheral blood mononuclear cell","CL:2000001","MDA-5","N","gene expression","up","7d vs 0d","time of vaccination","7","days","VO:0003134","","yellow fever virus 17D","","","","","19029902","https://www.ncbi.nlm.nih.gov/pmc/articles/PMC4049462/","2009","Fig1 & Suppl Fig 3","<a href = 'https://www.ncbi.nlm.nih.gov/pmc/articles/PMC4049462/figure/F1/' target='_blank'>figure/F1</a>; <a href = 'https://www.ncbi.nlm.nih.gov/pmc/articles/PMC4049462/bin/NIHMS593578-supplement-01.pdf' target='_blank'>supplement-01.pdf</a>","","48","47","2","359","19029902_2_359","hipc_gene_sig_19029902_2.txt","hipc_gene_sig_complete_19029902_2.txt"
"","hipc_gene_19029902_2","2008.11.26","hipc_gene_19029902_2","SAMD9","","","18","45","years","15","peripheral blood mononuclear cell","CL:2000001","SAMD9","N","gene expression","up","7d vs 0d","time of vaccination","7","days","VO:0003134","","yellow fever virus 17D","","","","","19029902","https://www.ncbi.nlm.nih.gov/pmc/articles/PMC4049462/","2009","Fig1 & Suppl Fig 3","<a href = 'https://www.ncbi.nlm.nih.gov/pmc/articles/PMC4049462/figure/F1/' target='_blank'>figure/F1</a>; <a href = 'https://www.ncbi.nlm.nih.gov/pmc/articles/PMC4049462/bin/NIHMS593578-supplement-01.pdf' target='_blank'>supplement-01.pdf</a>","","48","47","2","359","19029902_2_359","hipc_gene_sig_19029902_2.txt","hipc_gene_sig_complete_19029902_2.txt"
"","hipc_gene_19029902_2","2008.11.26","hipc_gene_19029902_2","LAMP3","","","18","45","years","15","peripheral blood mononuclear cell","CL:2000001","LAMP3","N","gene expression","up","7d vs 0d","time of vaccination","7","days","VO:0003134","","yellow fever virus 17D","","","","","19029902","https://www.ncbi.nlm.nih.gov/pmc/articles/PMC4049462/","2009","Fig1 & Suppl Fig 3","<a href = 'https://www.ncbi.nlm.nih.gov/pmc/articles/PMC4049462/figure/F1/' target='_blank'>figure/F1</a>; <a href = 'https://www.ncbi.nlm.nih.gov/pmc/articles/PMC4049462/bin/NIHMS593578-supplement-01.pdf' target='_blank'>supplement-01.pdf</a>","","48","47","2","359","19029902_2_359","hipc_gene_sig_19029902_2.txt","hipc_gene_sig_complete_19029902_2.txt"
"","hipc_gene_19029902_2","2008.11.26","hipc_gene_19029902_2","RGL1","","","18","45","years","15","peripheral blood mononuclear cell","CL:2000001","RGL1","N","gene expression","up","7d vs 0d","time of vaccination","7","days","VO:0003134","","yellow fever virus 17D","","","","","19029902","https://www.ncbi.nlm.nih.gov/pmc/articles/PMC4049462/","2009","Fig1 & Suppl Fig 3","<a href = 'https://www.ncbi.nlm.nih.gov/pmc/articles/PMC4049462/figure/F1/' target='_blank'>figure/F1</a>; <a href = 'https://www.ncbi.nlm.nih.gov/pmc/articles/PMC4049462/bin/NIHMS593578-supplement-01.pdf' target='_blank'>supplement-01.pdf</a>","","48","47","2","359","19029902_2_359","hipc_gene_sig_19029902_2.txt","hipc_gene_sig_complete_19029902_2.txt"
"","hipc_gene_19029902_2","2008.11.26","hipc_gene_19029902_2","PNPT1","","","18","45","years","15","peripheral blood mononuclear cell","CL:2000001","PNPT1","N","gene expression","up","7d vs 0d","time of vaccination","7","days","VO:0003134","","yellow fever virus 17D","","","","","19029902","https://www.ncbi.nlm.nih.gov/pmc/articles/PMC4049462/","2009","Fig1 & Suppl Fig 3","<a href = 'https://www.ncbi.nlm.nih.gov/pmc/articles/PMC4049462/figure/F1/' target='_blank'>figure/F1</a>; <a href = 'https://www.ncbi.nlm.nih.gov/pmc/articles/PMC4049462/bin/NIHMS593578-supplement-01.pdf' target='_blank'>supplement-01.pdf</a>","","48","47","2","359","19029902_2_359","hipc_gene_sig_19029902_2.txt","hipc_gene_sig_complete_19029902_2.txt"
"","hipc_gene_19029902_2","2008.11.26","hipc_gene_19029902_2","OAS2","","","18","45","years","15","peripheral blood mononuclear cell","CL:2000001","OAS2","N","gene expression","up","7d vs 0d","time of vaccination","7","days","VO:0003134","","yellow fever virus 17D","","","","","19029902","https://www.ncbi.nlm.nih.gov/pmc/articles/PMC4049462/","2009","Fig1 & Suppl Fig 3","<a href = 'https://www.ncbi.nlm.nih.gov/pmc/articles/PMC4049462/figure/F1/' target='_blank'>figure/F1</a>; <a href = 'https://www.ncbi.nlm.nih.gov/pmc/articles/PMC4049462/bin/NIHMS593578-supplement-01.pdf' target='_blank'>supplement-01.pdf</a>","","48","47","2","359","19029902_2_359","hipc_gene_sig_19029902_2.txt","hipc_gene_sig_complete_19029902_2.txt"
"","hipc_gene_19029902_2","2008.11.26","hipc_gene_19029902_2","OAS1","","","18","45","years","15","peripheral blood mononuclear cell","CL:2000001","OAS1","N","gene expression","up","7d vs 0d","time of vaccination","7","days","VO:0003134","","yellow fever virus 17D","","","","","19029902","https://www.ncbi.nlm.nih.gov/pmc/articles/PMC4049462/","2009","Fig1 & Suppl Fig 3","<a href = 'https://www.ncbi.nlm.nih.gov/pmc/articles/PMC4049462/figure/F1/' target='_blank'>figure/F1</a>; <a href = 'https://www.ncbi.nlm.nih.gov/pmc/articles/PMC4049462/bin/NIHMS593578-supplement-01.pdf' target='_blank'>supplement-01.pdf</a>","","48","47","2","359","19029902_2_359","hipc_gene_sig_19029902_2.txt","hipc_gene_sig_complete_19029902_2.txt"
"","hipc_gene_19029902_2","2008.11.26","hipc_gene_19029902_2","PARP9","","","18","45","years","15","peripheral blood mononuclear cell","CL:2000001","PARP9","N","gene expression","up","7d vs 0d","time of vaccination","7","days","VO:0003134","","yellow fever virus 17D","","","","","19029902","https://www.ncbi.nlm.nih.gov/pmc/articles/PMC4049462/","2009","Fig1 & Suppl Fig 3","<a href = 'https://www.ncbi.nlm.nih.gov/pmc/articles/PMC4049462/figure/F1/' target='_blank'>figure/F1</a>; <a href = 'https://www.ncbi.nlm.nih.gov/pmc/articles/PMC4049462/bin/NIHMS593578-supplement-01.pdf' target='_blank'>supplement-01.pdf</a>","","48","47","2","359","19029902_2_359","hipc_gene_sig_19029902_2.txt","hipc_gene_sig_complete_19029902_2.txt"
"","hipc_gene_19029902_2","2008.11.26","hipc_gene_19029902_2","IFI44","","","18","45","years","15","peripheral blood mononuclear cell","CL:2000001","IFI44","N","gene expression","up","7d vs 0d","time of vaccination","7","days","VO:0003134","","yellow fever virus 17D","","","","","19029902","https://www.ncbi.nlm.nih.gov/pmc/articles/PMC4049462/","2009","Fig1 & Suppl Fig 3","<a href = 'https://www.ncbi.nlm.nih.gov/pmc/articles/PMC4049462/figure/F1/' target='_blank'>figure/F1</a>; <a href = 'https://www.ncbi.nlm.nih.gov/pmc/articles/PMC4049462/bin/NIHMS593578-supplement-01.pdf' target='_blank'>supplement-01.pdf</a>","","48","47","2","359","19029902_2_359","hipc_gene_sig_19029902_2.txt","hipc_gene_sig_complete_19029902_2.txt"
"","hipc_gene_19029902_2","2008.11.26","hipc_gene_19029902_2","MYOF","","","18","45","years","15","peripheral blood mononuclear cell","CL:2000001","MYOF","N","gene expression","up","7d vs 0d","time of vaccination","7","days","VO:0003134","","yellow fever virus 17D","","","","","19029902","https://www.ncbi.nlm.nih.gov/pmc/articles/PMC4049462/","2009","Fig1 & Suppl Fig 3","<a href = 'https://www.ncbi.nlm.nih.gov/pmc/articles/PMC4049462/figure/F1/' target='_blank'>figure/F1</a>; <a href = 'https://www.ncbi.nlm.nih.gov/pmc/articles/PMC4049462/bin/NIHMS593578-supplement-01.pdf' target='_blank'>supplement-01.pdf</a>","","48","47","2","359","19029902_2_359","hipc_gene_sig_19029902_2.txt","hipc_gene_sig_complete_19029902_2.txt"
"","hipc_gene_19029902_2","2008.11.26","hipc_gene_19029902_2","IFI44L","","","18","45","years","15","peripheral blood mononuclear cell","CL:2000001","IFI44L","N","gene expression","up","7d vs 0d","time of vaccination","7","days","VO:0003134","","yellow fever virus 17D","","","","","19029902","https://www.ncbi.nlm.nih.gov/pmc/articles/PMC4049462/","2009","Fig1 & Suppl Fig 3","<a href = 'https://www.ncbi.nlm.nih.gov/pmc/articles/PMC4049462/figure/F1/' target='_blank'>figure/F1</a>; <a href = 'https://www.ncbi.nlm.nih.gov/pmc/articles/PMC4049462/bin/NIHMS593578-supplement-01.pdf' target='_blank'>supplement-01.pdf</a>","","48","47","2","359","19029902_2_359","hipc_gene_sig_19029902_2.txt","hipc_gene_sig_complete_19029902_2.txt"
